{
  "origem_longitude": -41.9480517645751,
  "origem_latitude": "-18.9047485170197",
  "destino_longitude": -41.953074390246016,
  "destino_latitude": -18.849342234646826
}